{
  "investigation_id": "inv_cc39d8c4ea74",
  "timestamp": "20260508T112001",
  "metrics": {
    "auc": 0.8012724656823436,
    "f1": 0.37082554100988513,
    "precision": 0.24653641207815274,
    "recall": 0.7478448275862069,
    "threshold": 0.385,
    "n_samples": 8238
  }
}