{
  "source": "training_split",
  "numeric_features": {
    "age": {
      "bin_edges": [
        17.0,
        25.1,
        33.2,
        41.3,
        49.4,
        57.5,
        65.6,
        73.69999999999999,
        81.8,
        89.89999999999999,
        98.0
      ],
      "proportions": [
        0.040668501133052766,
        0.27642440919391387,
        0.2885237941081256,
        0.19889122693428293,
        0.1427241825833603,
        0.038523794108125606,
        0.00801230171576562,
        0.004289414049854322,
        0.0019019100032372936,
        4.046617028164455e-05
      ],
      "counts": [
        1005,
        6831,
        7130,
        4915,
        3527,
        952,
        198,
        106,
        47,
        1
      ],
      "count": 24712
    },
    "campaign": {
      "bin_edges": [
        1.0,
        6.5,
        12.0,
        17.5,
        23.0,
        28.5,
        34.0,
        39.5,
        45.0,
        50.5,
        56.0
      ],
      "proportions": [
        0.9434282939462609,
        0.04038523794108126,
        0.010278407251537714,
        0.0029944966008416964,
        0.0016591129815474264,
        0.0007688572353512464,
        0.00024279702168986727,
        0.00020233085140822273,
        0.0,
        4.046617028164455e-05
      ],
      "counts": [
        23314,
        998,
        254,
        74,
        41,
        19,
        6,
        5,
        0,
        1
      ],
      "count": 24712
    },
    "pdays": {
      "bin_edges": [
        0.0,
        99.9,
        199.8,
        299.70000000000005,
        399.6,
        499.5,
        599.4000000000001,
        699.3000000000001,
        799.2,
        899.1,
        999.0
      ],
      "proportions": [
        0.03815959857559081,
        0.0,
        0.0,
        0.0,
        0.0,
        0.0,
        0.0,
        0.0,
        0.0,
        0.9618404014244092
      ],
      "counts": [
        943,
        0,
        0,
        0,
        0,
        0,
        0,
        0,
        0,
        23769
      ],
      "count": 24712
    },
    "previous": {
      "bin_edges": [
        0.0,
        0.7,
        1.4,
        2.0999999999999996,
        2.8,
        3.5,
        4.199999999999999,
        4.8999999999999995,
        5.6,
        6.3,
        7.0
      ],
      "proportions": [
        0.8615247652962124,
        0.11180802848818387,
        0.01885723535124636,
        0.0,
        0.005179669796050502,
        0.001982842343800583,
        0.0,
        0.00044512787309809,
        0.0001618646811265782,
        4.046617028164455e-05
      ],
      "counts": [
        21290,
        2763,
        466,
        0,
        128,
        49,
        0,
        11,
        4,
        1
      ],
      "count": 24712
    },
    "emp.var.rate": {
      "bin_edges": [
        -3.4,
        -2.92,
        -2.44,
        -1.96,
        -1.48,
        -1.0,
        -0.52,
        -0.040000000000000036,
        0.43999999999999995,
        0.9200000000000004,
        1.4
      ],
      "proportions": [
        0.030147296859825187,
        0.0404257041113629,
        0.0,
        0.24352541275493686,
        0.015296212366461639,
        0.0,
        0.08853998057623827,
        0.0,
        0.0,
        0.5820653933311751
      ],
      "counts": [
        745,
        999,
        0,
        6018,
        378,
        0,
        2188,
        0,
        0,
        14384
      ],
      "count": 24712
    },
    "cons.price.idx": {
      "bin_edges": [
        92.201,
        92.4576,
        92.71419999999999,
        92.9708,
        93.22739999999999,
        93.484,
        93.7406,
        93.99719999999999,
        94.2538,
        94.51039999999999,
        94.767
      ],
      "proportions": [
        0.03617675623179022,
        0.01719812236969893,
        0.16587083198446098,
        0.1468921981223697,
        0.1320815797992878,
        0.0,
        0.3608773065717061,
        0.026586273875040468,
        0.1064664940110068,
        0.007850437034639042
      ],
      "counts": [
        894,
        425,
        4099,
        3630,
        3264,
        0,
        8918,
        657,
        2631,
        194
      ],
      "count": 24712
    },
    "cons.conf.idx": {
      "bin_edges": [
        -50.8,
        -48.41,
        -46.019999999999996,
        -43.629999999999995,
        -41.239999999999995,
        -38.849999999999994,
        -36.46,
        -34.07,
        -31.68,
        -29.29,
        -26.9
      ],
      "proportions": [
        0.014446422790547102,
        0.20196665587568793,
        0.0001618646811265782,
        0.3555762382648106,
        0.03755260602136614,
        0.013191971511816121,
        0.32372936225315635,
        0.009064422143088379,
        0.03318225963094853,
        0.01112819682745225
      ],
      "counts": [
        357,
        4991,
        4,
        8787,
        928,
        326,
        8000,
        224,
        820,
        275
      ],
      "count": 24712
    },
    "euribor3m": {
      "bin_edges": [
        0.634,
        1.0751,
        1.5162,
        1.9572999999999996,
        2.3983999999999996,
        2.8394999999999997,
        3.2805999999999993,
        3.7216999999999993,
        4.1628,
        4.603899999999999,
        5.045
      ],
      "proportions": [
        0.10339106506960181,
        0.21960990611848494,
        0.006393654904499838,
        0.0,
        0.0,
        4.046617028164455e-05,
        0.00012139851084493363,
        0.07126092586597604,
        0.015174813855616705,
        0.5840077695046941
      ],
      "counts": [
        2555,
        5427,
        158,
        0,
        0,
        1,
        3,
        1761,
        375,
        14432
      ],
      "count": 24712
    },
    "nr.employed": {
      "bin_edges": [
        4963.6,
        4990.05,
        5016.5,
        5042.950000000001,
        5069.400000000001,
        5095.85,
        5122.3,
        5148.75,
        5175.200000000001,
        5201.650000000001,
        5228.1
      ],
      "proportions": [
        0.015296212366461639,
        0.03496277112334089,
        0.030147296859825187,
        0.0,
        0.0404257041113629,
        0.208562641631596,
        0.0,
        0.0,
        0.2758983489802525,
        0.3947070249271609
      ],
      "counts": [
        378,
        864,
        745,
        0,
        999,
        5154,
        0,
        0,
        6818,
        9754
      ],
      "count": 24712
    },
    "pdays_was_999": {
      "bin_edges": [
        0.0,
        0.1,
        0.2,
        0.30000000000000004,
        0.4,
        0.5,
        0.6000000000000001,
        0.7000000000000001,
        0.8,
        0.9,
        1.0
      ],
      "proportions": [
        0.03815959857559081,
        0.0,
        0.0,
        0.0,
        0.0,
        0.0,
        0.0,
        0.0,
        0.0,
        0.9618404014244092
      ],
      "counts": [
        943,
        0,
        0,
        0,
        0,
        0,
        0,
        0,
        0,
        23769
      ],
      "count": 24712
    }
  },
  "categorical_features": {
    "job": {
      "counts": {
        "admin.": 6293,
        "blue-collar": 5491,
        "technician": 4061,
        "services": 2413,
        "management": 1785,
        "retired": 1025,
        "entrepreneur": 855,
        "self-employed": 832,
        "housemaid": 626,
        "unemployed": 598,
        "student": 531,
        "unknown": 202
      },
      "proportions": {
        "admin.": 0.25465360958238914,
        "blue-collar": 0.2221997410165102,
        "technician": 0.1643331175137585,
        "services": 0.09764486888960829,
        "management": 0.07223211395273552,
        "retired": 0.04147782453868566,
        "entrepreneur": 0.034598575590806084,
        "self-employed": 0.033667853674328264,
        "housemaid": 0.025331822596309485,
        "unemployed": 0.02419876982842344,