{
  "model_name": "bank-marketing-classifier",
  "threshold_rule": "highest threshold with recall >= 0.75",
  "threshold": 0.385,
  "validation": {
    "threshold": 0.385,
    "auc": 0.8017301081418935,
    "f1": 0.3700159489633174,
    "precision": 0.2455892731122089,
    "recall": 0.75,
    "positive_prediction_rate": 0.34401553775188154,
    "confusion_matrix": {
      "tn": 5172,
      "fp": 2138,
      "fn": 232,
      "tp": 696
    }
  },
  "test": {
    "threshold": 0.385,
    "auc": 0.8012724656823436,
    "f1": 0.37082554100988513,
    "precision": 0.24653641207815274,
    "recall": 0.7478448275862069,
    "positive_prediction_rate": 0.3417091527069677,
    "confusion_matrix": {
      "tn": 5189,
      "fp": 2121,
      "fn": 234,
      "tp": 694
    }
  },
  "mlflow_run_id": "7ae957cdbf8e49138ae06d75e3df989c"
}